Key,Value
CellProfiler_Version,4.2.8
ChannelType_Actin,Grayscale
ChannelType_ActinIllum,Function
ChannelType_DAPI,Grayscale
ChannelType_DAPIillum,Function
ChannelType_TubIllum,Function
ChannelType_Tubulin,Grayscale
ImageSet_Zip_Dictionary,b'PD94bWwgdmVyc2lvbj0iMS4wIiBlbmNvZGluZz0iVVRGLTgiPz48T01FIHhtbG5zPSJodHRwOi8vd3d3Lm9wZW5taWNyb3Njb3B5Lm9yZy9TY2hlbWFzL09NRS8yMDE2LTA2Ij48SW1hZ2UgSUQ9IkRBUEkiPjxQaXhlbHMgRGltZW5zaW9uT3JkZXI9IlhZQ1pUIiBJRD0iUGl4ZWxzOkRBUEkiIFNpemVUPSIxIiBTaXplWD0iMSIgU2l6ZVk9IjEiPjxUaWZmRGF0YSBGaXJzdEM9IjAiIEZpcnN0VD0iMCIgRmlyc3RaPSIwIiBJRkQ9IjAiIFBsYW5lQ291bnQ9IjEiPjxVVUlEIEZpbGVOYW1lPSJmaWxlOi8vL0g6L0JCQkMvQkJCQzAyMS9pbWFnZXNzdWIvV2VlazEwXzQwMTE5L1dlZWsxMF8yMDA5MDdfQjAyX3MxX3cxQ0M2Q0Y3NS00RUY5QzdCLTA4RjlCLnRpZiIvPjwvVGlmZkRhdGE+PFBsYW5lIFRoZUM9IjAiIFRoZVQ9IjAiIFRoZVo9IjAiLz48L1BpeGVscz48L0ltYWdlPjxJbWFnZSBJRD0iQWN0aW4iPjxQaXhlbHMgRGltZW5zaW9uT3JkZXI9IlhZQ1pUIiBJRD0iUGl4ZWxzOkFjdGluIiBTaXplVD0iMSIgU2l6ZVg9IjEiIFNpemVZPSIxIj48VGlmZkRhdGEgRmlyc3RDPSIwIiBGaXJzdFQ9IjAiIEZpcnN0Wj0iMCIgSUZEPSIwIiBQbGFuZUNvdW50PSIxIj48VVVJRCBGaWxlTmFtZT0iZmlsZTovLy9IOi9CQkJDL0JCQkMwMjEvaW1hZ2Vzc3ViL1dlZWsxMF80MDExOS9XZWVrMTBfMjAwOTA3X0IwMl9zMV93NEU5LUUyRTctNEFDOUE0MzQudGlmIi8+PC9UaWZmRGF0YT48UGxhbmUgVGhlQz0iMCIgVGhlVD0iMCIgVGhlWj0iMCIvPjwvUGl4ZWxzPjwvSW1hZ2U+PEltYWdlIElEPSJUdWJ1bGluIj48UGl4ZWxzIERpbWVuc2lvbk9yZGVyPSJYWUNaVCIgSUQ9IlBpeGVsczpUdWJ1bGluIiBTaXplVD0iMSIgU2l6ZVg9IjEiIFNpemVZPSIxIj48VGlmZkRhdGEgRmlyc3RDPSIwIiBGaXJzdFQ9IjAiIEZpcnN0Wj0iMCIgSUZEPSIwIiBQbGFuZUNvdW50PSIxIj48VVVJRCBGaWxlTmFtZT0iZmlsZTovLy9IOi9CQkJDL0JCQkMwMjEvaW1hZ2Vzc3ViL1dlZWsxMF80MDExOS9XZWVrMTBfMjAwOTA3X0IwMl9zMV93Mjg1OUVFMjctQzAyNjc2M0ZDQS1BREEyQjkudGlmIi8+PC9UaWZmRGF0YT48UGxhbmUgVGhlQz0iMCIgVGhlVD0iMCIgVGhlWj0iMCIvPjwvUGl4ZWxzPjwvSW1hZ2U+PEltYWdlIElEPSJJbGx1bSI+PFBpeGVscyBEaW1lbnNpb25PcmRlcj0iWFlDWlQiIElEPSJQaXhlbHM6QWN0aW5JbGx1bSIgU2l6ZVQ9IjEiIFNpemVYPSIxIiBTaXplWT0iMSI+PFRpZmZEYXRhIEZpcnN0Qz0iMCIgRmlyc3RUPSIwIiBGaXJzdFo9IjAiIElGRD0iMCIgUGxhbmVDb3VudD0iMSI+PFVVSUQgRmlsZU5hbWU9ImZpbGU6Ly8vSDovQkJCQy9CQkJDMDIxL25weS93ZWVrMTAvV2VlazEwXzQwMTE5X0lsbHVtLm5weSIvPjwvVGlmZkRhdGE+PFBsYW5lIFRoZUM9IjAiIFRoZVQ9IjAiIFRoZVo9IjAiLz48L1BpeGVscz48L0ltYWdlPjxJbWFnZSBJRD0iUERBUElpbGx1bSJucHlUdWJJbGx1bVR1YklsbHVtIiBTaXplPSIxIiBTaXplWD0iMSJZPSIxIj48VGlmZkRhdGEgRmlyc3RDPSIwIiBGaXJzdFQ9IjAiIFo9IjAiRD0idD0iMVVJRCBGaWxtZWlsZTovLzovQkJCQ0JCQzAyMS93ZWVrMTA0MDF1aW4ubnB5Ii8+PC9UaWZmRGF0YT48UGxhbmUgVGhlQz0iMCIgVGhlVD0iMCIgVGhlWj0iMCIvPjwvUGl4ZWxzPjwvSW1hZ2U+PE8iIFNpemVUPSIxIiBTaXplWD0iMSIgU2l6ZVk9IjEiPjxUaWZmRGF0YSBGaXJzdEM9IjAiIEZpcnN0VD0iMCIgRmlyc3RaPSIwIiBJRkQ9IjAiIFBsYW5lQ291bnQ9IjEiPjxVVUlEIEZpbGVOYW1lPSJmaWxlOi8vL0g6L0JCQkMvQkJCQzAyMS9pbWFnZXNzdWIvV2VlazEwXzQwMTE5L1dlZWsxMF8yMDA5MDdfQzA3X3MxX3c3OTU0RkFFMC00REU5LTVEMzdGN0Y4NS1FMi05NUUzNjY5RDBCMTdpbiIgU2l6ZVQ9IjEiIFNpemVYPSIxIiBTaXplWT0iMSI+PFRpZmZEYXRhIEZpcnN0Qz0iMCIgRmlyc3RUPSIwIiBGaXJzdFo9IjAiIElGRD0iMCIgUGxhbmVDb3VudD0iMSI+PFVVSUQgRmlsZU5hbWU9ImZpbGU6Ly8vSDovQkJCQy9CQkJDMDIxL2ltYWdlc3N1Yi9XZWVrMTBfNDAxMTkvV2VlazEwXzIwMDkwN19DMDdfczFfdzI4RUMtMzM3MS0iIFNpemVUPSIxIiBTaXplWD0iMSIgU2l6ZVk9IjEiPjxUaWZmRGF0YSBGaXJzdEM9IjAiIEZpcnN0VD0iMCIgRmlyc3RaPSIwIiBJRkQ9IjAiIFBsYW5lQ291bnQ9IjEiPjxVVUlEIEZpbGVOYW1lPSJmaWxlOi8vL0g6L0JCQkMvQkJCQzAyMS9pbWFnZXNzdWIvV2VlazEwXzQwMTE5L1dlZWsxMF8yMDA5MDdfRTAyX3MxX3cxQy03MC1DRjctRDYxQTgudGlmIi8+PC9UaWZmRGF0YT48UGxhbmUgVGhlQz0iMCIgVGhlVD0iMCIgVGhlWj0iMCIvPjwvUGl4ZWxzPjwvSW1hZ2U+PEltYWdlIElEPSJBY3Rpbl9zMV93NDczMDc3MS00QTk4MTFBMDU2NzQxaW4iIFNpemVUPSIxIiBTaXplWD0iMSIgU2l6ZVk9IjEiPjxUaWZmRGF0YSBGaXJzdEM9IjAiIEZpcnN0VD0iMCIgRmlyc3RaPSIwIiBJRkQ9IjAiIFBsYW5lQ291bnQ9IjEiPjxVVUlEIEZpbGVOYW1lPSJmaWxlOi8vL0g6L0JCQkMvQkJCQzAyMS9pbWFnZXNzdWIvV2VlazEwXzQwMTE5L1dlZWsxMF8yMDA5MDdfRTAyX3MxX3dBRkQ2RUYtQjAzLUEwNUNBQkI4eG1scnNpb24xLjAiZW5jb0YtOD9PTUVuc3A6L3d3Lm9waWdTY2gvT01FMTYtMDYiPjxJbWFnZSBJRD0iREFQSSI+PFBpeGVscyBEaW1lbnNpb25PcmRlcj0iWFlDWlQiIElEPSJQaXhlbHM6REFQSSIgU2l6ZVQ9IjEiIFNpemVYPSIxIiBTaXplWT0iMSI+PFRpZmZEYXRhIEZpcnN0Qz0iMCIgRmlyc3RUPSIwIiBGaXJzdFo9IjAiIElGRD0iMCIgUGxhbmVDb3VudD0iMSI+PFVVSUQgRmlsZU5hbWU9ImZpbGU6Ly8vSDovQkJCQy9CQkJDMDIxL2ltYWdlc3N1Yi9XZWVrMTBfNDAxMTkvV2VlazEwXzIwMDkwN19GMDdfczFfdzFBOTlFOC00QzJBOTcxLUU2NTFGLnRpZiIvPjwvVGlmZkRhdGE+PFBsYW5lIFRoZUM9IjAiIFRoZVQ9IjAiIFRoZVo9IjAiLz48L1BpeGVscz48L0ltYWdlPjxJbWFnZSBJRD0iQWN0aW4iPjxQaXhlbHMgRGltZW5zaW9uT3JkZXI9IlhZQ1pUIiBJRD0iUGl4ZWxzOkFjdGluIiBTaXplVD0iMSIgU2l6ZVg9IjEiIFNpemVZPSIxIj48VGlmZkRhdGEgRmlyc3RDPSIwIiBGaXJzdFQ9IjAiIEZpcnN0Wj0iMCIgSUZEPSIwIiBQbGFuZUNvdW50PSIxIj48VVVJRCBGaWxlTmFtZT0iZmlsZTovLy9IOi9CQkJDL0JCQkMwMjEvaW1hdWIvV2VlazEwXzQwMTE5L1dlZWsxMF8yMDA5MDA3X3MxX3c0NzYzLTRBMS03MjAzRkYzdGlmPjxQbGFuZSBUaGVDPSIwIiBUaGVUPSIwIlo9IjAiLz48L3g+PC9JbWFnZSBJVHVidWxpbj48UGl4ZWxzIGRlclQiIElUdWJ1bGluIiBTaXplVD0iMSIgU2l6ZVg9IjEiIFNpemVZPSIxIj48VGlmZkRhdGEgRmlyc3RDPSIwIiBGaXJzdFQ9IjAiIEZpcnN0Wj0iMCIgSUZEPSIwIiBQbGFuZUNvdW50PSIxIj48VVVJRCBGaWxlTmFtZT0iZmlsZTovLy9IOi9CQkJDL0JCQkMwMjEvaW1hZ2Vzc3ViL1dlZWsxMF80MDExOS9XZWVrMTBfMjAwOTA3X0YwN19zMV93MjZFMzg1Qi1CLTA1ODk='
Metadata_GroupingTags,"[""Metadata_Plate"", ""Metadata_Well""]"
Metadata_Tags,"[""Metadata_Plate"", ""Metadata_Well"", ""Metadata_Site""]"
Pipeline_Pipeline,"CellProfiler Pipeline: http://www.cellprofiler.org
Version:5
DateRevision:428
GitHash:
ModuleCount:32
HasImagePlaneDetails:False

Images:[module_num:1|svn_version:'Unknown'|variable_revision_number:2|show_window:False|notes:['To begin creating your project, use the Images module to compile a list of files and/or folders that you want to analyze. You can also specify a set of rules to include only the desired files in your selected folders.', '-', 'Settings converted from legacy pipeline.']|batch_state:array([], dtype=uint8)|enabled:True|wants_pause:False]
    :
    Filter images?:No filtering
    Select the rule criteria:and (extension does isimage) (directory doesnot containregexp ""[\\\\\\\\/]\\\\."")

Metadata:[module_num:2|svn_version:'Unknown'|variable_revision_number:6|show_window:False|notes:['']|batch_state:array([], dtype=uint8)|enabled:True|wants_pause:False]
    Extract metadata?:Yes
    Metadata data type:Text
    Metadata types:{}
    Extraction method count:5
    Metadata extraction method:Extract from file/folder names
    Metadata source:File name
    Regular expression to extract from file name:(?P<Well>[A-P][0-9]{2})_s(?P<Site>[0-9])_w(?P<ChannelNumber>[0-9])
    Regular expression to extract from folder name:(?P<Date>[0-9]{4}_[0-9]{2}_[0-9]{2})$
    Extract metadata from:Images matching a rule
    Select the filtering criteria:and (file doesnot contain "".npy"")
    Metadata file location:Elsewhere...|
    Match file and image metadata:[]
    Use case insensitive matching?:No
    Metadata file name:
    Does cached metadata exist?:No
    Metadata extraction method:Extract from file/folder names
    Metadata source:Folder name
    Regular expression to extract from file name:^(?P<Plate>.*)_(?P<Well>[A-P][0-9]{2})_s(?P<Site>[0-9])_w(?P<ChannelNumber>[0-9])
    Regular expression to extract from folder name:.*(\\)(?P<Plate>.*)
    Extract metadata from:Images matching a rule
    Select the filtering criteria:and (file doesnot contain "".npy"")
    Metadata file location:Elsewhere...|
    Match file and image metadata:[]
    Use case insensitive matching?:No
    Metadata file name:
    Does cached metadata exist?:No
    Metadata extraction method:Extract from file/folder names
    Metadata source:File name
    Regular expression to extract from file name:^(?P<Plate>.*)_Illum
    Regular expression to extract from folder name:(?P<Date>[0-9]{4}_[0-9]{2}_[0-9]{2})$
    Extract metadata from:Images matching a rule
    Select the filtering criteria:and (file does contain "".npy"")
    Metadata file location:Elsewhere...|
    Match file and image metadata:[]
    Use case insensitive matching?:No
    Metadata file name:None
    Does cached metadata exist?:No
    Metadata extraction method:Import from file
    Metadata source:File name
    Regular expression to extract from file name:^(?P<Plate>.*)_(?P<Well>[A-P][0-9]{2})_s(?P<Site>[0-9])_w(?P<ChannelNumber>[0-9])
    Regular expression to extract from folder name:(?P<Date>[0-9]{4}_[0-9]{2}_[0-9]{2})$
    Extract metadata from:All images
    Select the filtering criteria:and (file does contain """")
    Metadata file location:Default Input Folder|Week1
    Match file and image metadata:[{'CSV Metadata': 'Image_Metadata_Plate_DAPI', 'Image Metadata': 'Plate'}, {'CSV Metadata': 'Image_Metadata_Well_DAPI', 'Image Metadata': 'Well'}]
    Use case insensitive matching?:No
    Metadata file name:BBBC021_v1_image.csv
    Does cached metadata exist?:No
    Metadata extraction method:Extract from file/folder names
    Metadata source:Folder name
    Regular expression to extract from file name:^(?P<Plate>.*)_(?P<Well>[A-P][0-9]{2})_s(?P<Site>[0-9])_w(?P<ChannelNumber>[0-9])
    Regular expression to extract from folder name:.*(\\)(?P<folder>.*)
    Extract metadata from:Images matching a rule
    Select the filtering criteria:and (file doesnot contain "".npy"")
    Metadata file location:Elsewhere...|
    Match file and image metadata:[]
    Use case insensitive matching?:No
    Metadata file name:None
    Does cached metadata exist?:No

NamesAndTypes:[module_num:3|svn_version:'Unknown'|variable_revision_number:8|show_window:False|notes:['Note the mixing of $folder and $folder2. These will be the same value, but one is stored in the folder name and the other is in the filename. After clicking *Update*, observe the column directly underneath. This column reflects the grouping. Note that the value for $folder is used in the *Groups* module, not $folder2. This behavior is ambiguous, because $folder2 is not explicitly used in the grouping. Regardless, the images are still grouped together.']|batch_state:array([], dtype=uint8)|enabled:True|wants_pause:False]
    Assign a name to:Images matching rules
    Select the image type:Grayscale image
    Name to assign these images:DNA
    Match metadata:[{'ActinIllum': 'Plate', 'DAPI': 'Plate', 'TubIllum': 'Plate', 'Tubulin': 'Plate', 'DAPIillum': 'Plate', 'Actin': 'Plate'}, {'ActinIllum': None, 'Tubulin': 'Well', 'TubIllum': None, 'DAPI': 'Well', 'DAPIillum': None, 'Actin': 'Well'}, {'ActinIllum': None, 'Tubulin': 'Site', 'TubIllum': None, 'DAPI': 'Site', 'DAPIillum': None, 'Actin': 'Site'}]
    Image set matching method:Metadata
    Set intensity range from:Image metadata
    Assignments count:6
    Single images count:0
    Maximum intensity:255.0
    Process as 3D?:No
    Relative pixel spacing in X:1.0
    Relative pixel spacing in Y:1.0
    Relative pixel spacing in Z:1.0
    Select the rule criteria:and (metadata does ChannelNumber ""1"")
    Name to assign these images:DAPI
    Name to assign these objects:Cell
    Select the image type:Grayscale image
    Set intensity range from:Image metadata
    Maximum intensity:255.0
    Select the rule criteria:and (metadata does ChannelNumber ""4"")
    Name to assign these images:Actin
    Name to assign these objects:Cell
    Select the image type:Grayscale image
    Set intensity range from:Image metadata
    Maximum intensity:255.0
    Select the rule criteria:and (metadata does ChannelNumber ""2"")
    Name to assign these images:Tubulin
    Name to assign these objects:Cell
    Select the image type:Grayscale image
    Set intensity range from:Image metadata
    Maximum intensity:255.0
    Select the rule criteria:and (file does contain ""IllumActin"")
    Name to assign these images:ActinIllum
    Name to assign these objects:Cell
    Select the image type:Illumination function
    Set intensity range from:Image metadata
    Maximum intensity:255.0
    Select the rule criteria:and (file does contain ""IllumDAPI"")
    Name to assign these images:DAPIillum
    Name to assign these objects:Cell
    Select the image type:Illumination function
    Set intensity range from:Image metadata
    Maximum intensity:255.0
    Select the rule criteria:and (file does contain ""IllumTubulin"")
    Name to assign these images:TubIllum
    Name to assign these objects:Cell
    Select the image type:Illumination function
    Set intensity range from:Image metadata
    Maximum intensity:255.0

Groups:[module_num:4|svn_version:'Unknown'|variable_revision_number:2|show_window:False|notes:['The Groups module optionally allows you to split your list of images into image subsets (groups) which will be processed independently of each other. Examples of groupings include screening batches, microtiter plates, time-lapse movies, etc.', '---', 'Settings converted from legacy pipeline.']|batch_state:array([], dtype=uint8)|enabled:True|wants_pause:False]
    Do you want to group your images?:Yes
    grouping metadata count:2
    Metadata category:Plate
    Metadata category:Well

CorrectIlluminationApply:[module_num:5|svn_version:'Unknown'|variable_revision_number:5|show_window:False|notes:[]|batch_state:array([], dtype=uint8)|enabled:True|wants_pause:False]
    Select the input image:DAPI
    Name the output image:CorrDAPI
    Select the illumination function:DAPIillum
    Select how the illumination function is applied:Divide
    Set output image values less than 0 equal to 0?:Yes
    Set output image values greater than 1 equal to 1?:Yes

CorrectIlluminationApply:[module_num:6|svn_version:'Unknown'|variable_revision_number:5|show_window:False|notes:[]|batch_state:array([], dtype=uint8)|enabled:True|wants_pause:False]
    Select the input image:Actin
    Name the output image:CorrActin
    Select the illumination function:ActinIllum
    Select how the illumination function is applied:Divide
    Set output image values less than 0 equal to 0?:Yes
    Set output image values greater than 1 equal to 1?:Yes

CorrectIlluminationApply:[module_num:7|svn_version:'Unknown'|variable_revision_number:5|show_window:False|notes:[]|batch_state:array([], dtype=uint8)|enabled:True|wants_pause:False]
    Select the input image:Tubulin
    Name the output image:CorrTub
    Select the illumination function:TubIllum
    Select how the illumination function is applied:Divide
    Set output image values less than 0 equal to 0?:Yes
    Set output image values greater than 1 equal to 1?:Yes

SaveImages:[module_num:8|svn_version:'Unknown'|variable_revision_number:16|show_window:False|notes:[]|batch_state:array([], dtype=uint8)|enabled:True|wants_pause:False]
    Select the type of image to save:Image
    Select the image to save:CorrActin
    Select method for constructing file names:From image filename
    Select image name for file prefix:Actin
    Enter single file name:Segmentation_Cell_
    Number of digits:5
    Append a suffix to the image file name?:No
    Text to append to the image name:
    Saved file format:tiff
    Output file location:Default Output Folder sub-folder|illum_corrected/\g<folder>
    Image bit depth:16-bit integer
    Overwrite existing files without warning?:Yes
    When to save:Every cycle
    Record the file and path information to the saved image?:Yes
    Create subfolders in the output folder?:No
    Base image folder:Elsewhere...|/Users/santiagobenoit
    How to save the series:T (Time)
    Save with lossless compression?:No

SaveImages:[module_num:9|svn_version:'Unknown'|variable_revision_number:16|show_window:False|notes:[]|batch_state:array([], dtype=uint8)|enabled:True|wants_pause:False]
    Select the type of image to save:Image
    Select the image to save:CorrDAPI
    Select method for constructing file names:From image filename
    Select image name for file prefix:DAPI
    Enter single file name:Segmentation_Cell_
    Number of digits:5
    Append a suffix to the image file name?:No
    Text to append to the image name:
    Saved file format:tiff
    Output file location:Default Output Folder sub-folder|illum_corrected/\g<folder>
    Image bit depth:16-bit integer
    Overwrite existing files without warning?:Yes
    When to save:Every cycle
    Record the file and path information to the saved image?:Yes
    Create subfolders in the output folder?:No
    Base image folder:Elsewhere...|/Users/santiagobenoit
    How to save the series:T (Time)
    Save with lossless compression?:No

SaveImages:[module_num:10|svn_version:'Unknown'|variable_revision_number:16|show_window:False|notes:[]|batch_state:array([], dtype=uint8)|enabled:True|wants_pause:False]
    Select the type of image to save:Image
    Select the image to save:CorrTub
    Select method for constructing file names:From image filename
    Select image name for file prefix:Tubulin
    Enter single file name:Segmentation_Cell_
    Number of digits:5
    Append a suffix to the image file name?:No
    Text to append to the image name:
    Saved file format:tiff
    Output file location:Default Output Folder sub-folder|illum_corrected/\g<folder>
    Image bit depth:16-bit integer
    Overwrite existing files without warning?:Yes
    When to save:Every cycle
    Record the file and path information to the saved image?:Yes
    Create subfolders in the output folder?:No
    Base image folder:Elsewhere...|/Users/santiagobenoit
    How to save the series:T (Time)
    Save with lossless compression?:No

Opening:[module_num:11|svn_version:'Unknown'|variable_revision_number:1|show_window:False|notes:['This is to smooth the DAPI image that has a lot of texture.']|batch_state:array([], dtype=uint8)|enabled:True|wants_pause:False]
    Select the input image:CorrDAPI
    Name the output image:OpeningDAPI
    Structuring element:disk,5

IdentifyPrimaryObjects:[module_num:12|svn_version:'Unknown'|variable_revision_number:15|show_window:False|notes:[]|batch_state:array([], dtype=uint8)|enabled:True|wants_pause:False]
    Select the input image:OpeningDAPI
    Name the primary objects to be identified:Nuclei
    Typical diameter of objects, in pixel units (Min,Max):15,115
    Discard objects outside the diameter range?:Yes
    Discard objects touching the border of the image?:No
    Method to distinguish clumped objects:Shape
    Method to draw dividing lines between clumped objects:Shape
    Size of smoothing filter:20
    Suppress local maxima that are closer than this minimum allowed distance:7
    Speed up by using lower-resolution image to find local maxima?:No
    Fill holes in identified objects?:After both thresholding and declumping
    Automatically calculate size of smoothing filter for declumping?:Yes
    Automatically calculate minimum allowed distance between local maxima?:Yes
    Handling of objects if excessive number of objects identified:Continue
    Maximum number of objects:500
    Use advanced settings?:Yes
    Threshold setting version:12
    Threshold strategy:Global
    Thresholding method:Otsu
    Threshold smoothing scale:1.0
    Threshold correction factor:1.0
    Lower and upper bounds on threshold:0,1
    Manual threshold:0.0
    Select the measurement to threshold with:None
    Two-class or three-class thresholding?:Two classes
    Log transform before thresholding?:No
    Assign pixels in the middle intensity class to the foreground or the background?:Background
    Size of adaptive window:10
    Lower outlier fraction:0.05
    Upper outlier fraction:0.05
    Averaging method:Mean
    Variance method:Standard deviation
    # of deviations:2
    Thresholding method:Default

IdentifySecondaryObjects:[module_num:13|svn_version:'Unknown'|variable_revision_number:10|show_window:False|notes:[]|batch_state:array([], dtype=uint8)|enabled:True|wants_pause:False]
    Select the input objects:Nuclei
    Name the objects to be identified:Cells
    Select the method to identify the secondary objects:Watershed - Image
    Select the input image:CorrActin
    Number of pixels by which to expand the primary objects:10
    Regularization factor:0.05
    Discard secondary objects touching the border of the image?:No
    Discard the associated primary objects?:No
    Name the new primary objects:FilteredNuclei
    Fill holes in identified objects?:Yes
    Threshold setting version:12
    Threshold strategy:Global
    Thresholding method:Otsu
    Threshold smoothing scale:1.3488
    Threshold correction factor:1.0
    Lower and upper bounds on threshold:0.0,1.0
    Manual threshold:0.0
    Select the measurement to threshold with:None
    Two-class or three-class thresholding?:Three classes
    Log transform before thresholding?:Yes
    Assign pixels in the middle intensity class to the foreground or the background?:Foreground
    Size of adaptive window:50
    Lower outlier fraction:0.05
    Upper outlier fraction:0.05
    Averaging method:Mean
    Variance method:Standard deviation
    # of deviations:2.0
    Thresholding method:Otsu

IdentifyTertiaryObjects:[module_num:14|svn_version:'Unknown'|variable_revision_number:3|show_window:False|notes:[]|batch_state:array([], dtype=uint8)|enabled:True|wants_pause:False]
    Select the larger identified objects:Cells
    Select the smaller identified objects:Nuclei
    Name the tertiary objects to be identified:Cytoplasm
    Shrink smaller object prior to subtraction?:Yes

ConvertObjectsToImage:[module_num:15|svn_version:'Unknown'|variable_revision_number:1|show_window:False|notes:[]|batch_state:array([], dtype=uint8)|enabled:True|wants_pause:False]
    Select the input objects:Cells
    Name the output image:CellsImage
    Select the color format:uint16
    Select the colormap:Default

ConvertObjectsToImage:[module_num:16|svn_version:'Unknown'|variable_revision_number:1|show_window:False|notes:[]|batch_state:array([], dtype=uint8)|enabled:True|wants_pause:False]
    Select the input objects:Cytoplasm
    Name the output image:CytoplasmImage
    Select the color format:uint16
    Select the colormap:Default

ConvertObjectsToImage:[module_num:17|svn_version:'Unknown'|variable_revision_number:1|show_window:False|notes:[]|batch_state:array([], dtype=uint8)|enabled:True|wants_pause:False]
    Select the input objects:Nuclei
    Name the output image:NucleiImage
    Select the color format:uint16
    Select the colormap:Default

GrayToColor:[module_num:18|svn_version:'Unknown'|variable_revision_number:4|show_window:False|notes:[]|batch_state:array([], dtype=uint8)|enabled:True|wants_pause:False]
    Select a color scheme:RGB
    Rescale intensity:No
    Select the image to be colored red:Leave this black
    Select the image to be colored green:Actin
    Select the image to be colored blue:DAPI
    Name the output image:ColorImage
    Relative weight for the red image:1.0
    Relative weight for the green image:1.0
    Relative weight for the blue image:1.0
    Select the image to be colored cyan:Leave this black
    Select the image to be colored magenta:Leave this black
    Select the image to be colored yellow:Leave this black
    Select the image that determines brightness:Leave this black
    Relative weight for the cyan image:1.0
    Relative weight for the magenta image:1.0
    Relative weight for the yellow image:1.0
    Relative weight for the brightness image:1.0
    Hidden:1
    Image name:None
    Color:#ff0000
    Weight:1.0

OverlayOutlines:[module_num:19|svn_version:'Unknown'|variable_revision_number:4|show_window:False|notes:[]|batch_state:array([], dtype=uint8)|enabled:True|wants_pause:False]
    Display outlines on a blank image?:No
    Select image on which to display outlines:ColorImage
    Name the output image:OrigOverlay
    Outline display mode:Color
    Select method to determine brightness of outlines:Max of image
    How to outline:Thick
    Select outline color:#FF80FF
    Select objects to display:Cells
    Select outline color:magenta
    Select objects to display:Nuclei

SaveImages:[module_num:20|svn_version:'Unknown'|variable_revision_number:16|show_window:False|notes:[]|batch_state:array([], dtype=uint8)|enabled:True|wants_pause:False]
    Select the type of image to save:Image
    Select the image to save:CellsImage
    Select method for constructing file names:From image filename
    Select image name for file prefix:DAPI
    Enter single file name:Segmentation_Cell_
    Number of digits:5
    Append a suffix to the image file name?:Yes
    Text to append to the image name:_Cell
    Saved file format:tiff
    Output file location:Default Output Folder sub-folder|labels/\g<folder>
    Image bit depth:16-bit integer
    Overwrite existing files without warning?:Yes
    When to save:Every cycle
    Record the file and path information to the saved image?:Yes
    Create subfolders in the output folder?:No
    Base image folder:Elsewhere...|/Users/santiagobenoit
    How to save the series:T (Time)
    Save with lossless compression?:No

SaveImages:[module_num:21|svn_version:'Unknown'|variable_revision_number:16|show_window:False|notes:[]|batch_state:array([], dtype=uint8)|enabled:True|wants_pause:False]
    Select the type of image to save:Image
    Select the image to save:CytoplasmImage
    Select method for constructing file names:From image filename
    Select image name for file prefix:DAPI
    Enter single file name:Segmentation_Cytoplasm
    Number of digits:4
    Append a suffix to the image file name?:Yes
    Text to append to the image name:_Cytoplasm
    Saved file format:tiff
    Output file location:Default Output Folder sub-folder|labels/\g<folder>
    Image bit depth:16-bit integer
    Overwrite existing files without warning?:Yes
    When to save:Every cycle
    Record the file and path information to the saved image?:Yes
    Create subfolders in the output folder?:No
    Base image folder:Elsewhere...|/Users/santiagobenoit
    How to save the series:T (Time)
    Save with lossless compression?:No

SaveImages:[module_num:22|svn_version:'Unknown'|variable_revision_number:16|show_window:False|notes:[]|batch_state:array([], dtype=uint8)|enabled:True|wants_pause:False]
    Select the type of image to save:Image
    Select the image to save:NucleiImage
    Select method for constructing file names:From image filename
    Select image name for file prefix:DAPI
    Enter single file name:DAPI
    Number of digits:4
    Append a suffix to the image file name?:Yes
    Text to append to the image name:_Nuclei
    Saved file format:tiff
    Output file location:Default Output Folder sub-folder|labels/\g<folder>
    Image bit depth:16-bit integer
    Overwrite existing files without warning?:Yes
    When to save:Every cycle
    Record the file and path information to the saved image?:Yes
    Create subfolders in the output folder?:No
    Base image folder:Elsewhere...|/Users/santiagobenoit
    How to save the series:T (Time)
    Save with lossless compression?:No

SaveImages:[module_num:23|svn_version:'Unknown'|variable_revision_number:16|show_window:False|notes:[]|batch_state:array([], dtype=uint8)|enabled:True|wants_pause:False]
    Select the type of image to save:Image
    Select the image to save:OrigOverlay
    Select method for constructing file names:From image filename
    Select image name for file prefix:DAPI
    Enter single file name:DAPI
    Number of digits:4
    Append a suffix to the image file name?:Yes
    Text to append to the image name:_Overlay
    Saved file format:png
    Output file location:Default Output Folder sub-folder|overlay/\g<folder>
    Image bit depth:8-bit integer
    Overwrite existing files without warning?:Yes
    When to save:Every cycle
    Record the file and path information to the saved image?:Yes
    Create subfolders in the output folder?:No
    Base image folder:Elsewhere...|/Users/santiagobenoit
    How to save the series:T (Time)
    Save with lossless compression?:No

MeasureObjectIntensity:[module_num:24|svn_version:'Unknown'|variable_revision_number:4|show_window:False|notes:[]|batch_state:array([], dtype=uint8)|enabled:True|wants_pause:False]
    Select images to measure:CorrActin, CorrDAPI, CorrTub
    Select objects to measure:Cells, Cytoplasm, Nuclei

MeasureObjectIntensityDistribution:[module_num:25|svn_version:'Unknown'|variable_revision_number:6|show_window:False|notes:[]|batch_state:array([], dtype=uint8)|enabled:True|wants_pause:False]
    Select images to measure:CorrTub, CorrActin, CorrDAPI
    Hidden:3
    Hidden:1
    Hidden:0
    Calculate intensity Zernikes?:Magnitudes and phase
    Maximum zernike moment:9
    Select objects to measure:Cells
    Object to use as center?:These objects
    Select objects to use as centers:None
    Select objects to measure:Cytoplasm
    Object to use as center?:These objects
    Select objects to use as centers:None
    Select objects to measure:Nuclei
    Object to use as center?:These objects
    Select objects to use as centers:None
    Scale the bins?:Yes
    Number of bins:4
    Maximum radius:100

MeasureObjectSizeShape:[module_num:26|svn_version:'Unknown'|variable_revision_number:3|show_window:False|notes:[]|batch_state:array([], dtype=uint8)|enabled:True|wants_pause:False]
    Select object sets to measure:Cells, Cytoplasm, Nuclei
    Calculate the Zernike features?:Yes
    Calculate the advanced features?:No

MeasureTexture:[module_num:27|svn_version:'Unknown'|variable_revision_number:7|show_window:False|notes:[]|batch_state:array([], dtype=uint8)|enabled:True|wants_pause:False]
    Select images to measure:CorrTub, CorrActin, CorrDAPI
    Select objects to measure:Cytoplasm, Cells, Nuclei
    Enter how many gray levels to measure the texture at:256
    Hidden:3
    Measure whole images or objects?:Objects
    Texture scale to measure:5
    Texture scale to measure:10
    Texture scale to measure:20

MeasureGranularity:[module_num:28|svn_version:'Unknown'|variable_revision_number:4|show_window:False|notes:[]|batch_state:array([], dtype=uint8)|enabled:True|wants_pause:False]
    Select images to measure:CorrTub, CorrActin, CorrDAPI
    Measure within objects?:Yes
    Select objects to measure:Cytoplasm, Cells, Nuclei
    Subsampling factor for granularity measurements:0.25
    Subsampling factor for background reduction:0.25
    Radius of structuring element:10
    Range of the granular spectrum:16

MeasureObjectNeighbors:[module_num:29|svn_version:'Unknown'|variable_revision_number:3|show_window:False|notes:[]|batch_state:array([], dtype=uint8)|enabled:True|wants_pause:False]
    Select objects to measure:Cells
    Select neighboring objects to measure:Cells
    Method to determine neighbors:Within a specified distance
    Neighbor distance:10
    Consider objects discarded for touching image border?:Yes
    Retain the image of objects colored by numbers of neighbors?:No
    Name the output image:ObjectNeighborCount
    Select colormap:Default
    Retain the image of objects colored by percent of touching pixels?:No
    Name the output image:PercentTouching
    Select colormap:Default

MeasureObjectNeighbors:[module_num:30|svn_version:'Unknown'|variable_revision_number:3|show_window:False|notes:[]|batch_state:array([], dtype=uint8)|enabled:True|wants_pause:False]
    Select objects to measure:Cells
    Select neighboring objects to measure:Cells
    Method to determine neighbors:Adjacent
    Neighbor distance:10
    Consider objects discarded for touching image border?:Yes
    Retain the image of objects colored by numbers of neighbors?:No
    Name the output image:ObjectNeighborCount
    Select colormap:Default
    Retain the image of objects colored by percent of touching pixels?:No
    Name the output image:PercentTouching
    Select colormap:Default

MeasureObjectNeighbors:[module_num:31|svn_version:'Unknown'|variable_revision_number:3|show_window:False|notes:[]|batch_state:array([], dtype=uint8)|enabled:True|wants_pause:False]
    Select objects to measure:Nuclei
    Select neighboring objects to measure:Nuclei
    Method to determine neighbors:Within a specified distance
    Neighbor distance:2
    Consider objects discarded for touching image border?:Yes
    Retain the image of objects colored by numbers of neighbors?:No
    Name the output image:ObjectNeighborCount
    Select colormap:Default
    Retain the image of objects colored by percent of touching pixels?:No
    Name the output image:PercentTouching
    Select colormap:Default

ExportToSpreadsheet:[module_num:32|svn_version:'Unknown'|variable_revision_number:13|show_window:False|notes:[]|batch_state:array([], dtype=uint8)|enabled:True|wants_pause:False]
    Select the column delimiter:Comma ("","")
    Add image metadata columns to your object data file?:Yes
    Add image file and folder names to your object data file?:No
    Select the measurements to export:No
    Calculate the per-image mean values for object measurements?:No
    Calculate the per-image median values for object measurements?:No
    Calculate the per-image standard deviation values for object measurements?:No
    Output file location:Default Output Folder sub-folder|measurements/\g<folder>/\g<Well>
    Create a GenePattern GCT file?:No
    Select source of sample row name:Metadata
    Select the image to use as the identifier:None
    Select the metadata to use as the identifier:None
    Export all measurement types?:Yes
    Press button to select measurements:
    Representation of Nan/Inf:NaN
    Add a prefix to file names?:Yes
    Filename prefix:bbbc021_
    Overwrite existing files without warning?:Yes
    Data to export:Do not use
    Combine these object measurements with those of the previous object?:No
    File name:DATA.csv
    Use the object name for the file name?:Yes
"
Run_Timestamp,2024-11-13T10:25:06.196680
